{
  "pkg": "@ecomplus/widget-analytics",
  "active": true,
  "desktopOnly": false,
  "enableCheckout": true,
  "options": {
    "gaTrackingId": "G-DBPBYQ49X9",
    "googleAdsId": "<!-- Google tag (gtag.js) --> <script async src=\"https://www.googletagmanager.com/gtag/js?id=G-DBPBYQ49X9\"></script> <script>   window.dataLayer = window.dataLayer || [];   function gtag(){dataLayer.push(arguments);}   gtag('js', new Date());    gtag('config', 'G-DBPBYQ49X9'); </script>"
  },
  "headAppend": "src/append/head"
}