{
  "meta_title": "",
  "meta_description": "",
  "sections": [
    {
      "type": "banner-slider",
      "autoplay": 5000,
      "full_width": false,
      "slides": [
        {
          "start": "",
          "end": "",
          "img": "/img/uploads/2e8ae280-6edd-47dc-bd7f-ce7ff629623b.png"
        },
        {
          "start": "",
          "end": "",
          "img": "/img/uploads/b11bd829-e2a7-4407-8bec-9779d10146b1.png"
        },
        {
          "start": "",
          "end": "",
          "img": "/img/uploads/adf9f552-69eb-4c1c-90a3-28b4ff3b0f83.png"
        },
        {
          "start": "",
          "end": "",
          "img": "/img/uploads/053724fc-17b2-4fe0-b4bb-c69ecb15c83a.png"
        }
      ]
    },
    {
      "type": "collection-shelf",
      "shuffle": true,
      "collection_id": "64754c53a0e875411ea30b2c:categories:Coleção love:/colecao-love",
      "sort": "slug",
      "title": "Coleção love",
      "headless": false,
      "limit": 15,
      "page": 2
    },
    {
      "type": "info-bar",
      "enabled": true
    }
  ]
}